"name","research_field1","research_field2","research_field3","research_field4","research_field5","research_field6"
"Aguirregabiria, Victor","Industrial organization","Econometrics","Applied econometrics","","",""
"Aivazian, Varouj A.","Financial economics","Law and economics","","","",""
"Alexopoulos, Michelle","Macroeconomics","Applied econometrics","","","",""
"Alves Estevam de Lima, Lucas","","","","","",""
"Anderson, Gordon","Applied econometrics","","","","",""
"Arieli, Itai","Microeconomic theory","","","","",""
"Arteaga, Carolina","Labour economics","","","","",""
"Bai, Don","","","","","",""
"Bailey, Lee","","","","","",""
"Baker, Michael","Labour economics","Public economics","Applied econometrics","","",""
"Ballyk, Alexandra","","","","","",""
"Bar-Isaac, Heski","","","","","",""
"Bashevkin, Sylvia","","","","","",""
"Bau, Natalie","","","","","",""
"Baude, Patrick","Labour economics","","","Economics of education","",""
"Baum-Snow, Nathaniel","","","","","",""
"Baysan, Ceren","Political economy","","","","",""
"Bell, Erin","","","","","",""
"Benjamin, Dwayne","Labour economics","","","Economics of higher education","",""
"Bernhardt-Walther, Karen","Microeconomic theory","","","","",""
"Berry, Albert","Economic development","International economics","","","",""
"Blanchenay, Patrick","","","","","",""
"Blouin, Arthur","Economic development","Economic history","Political economy","","",""
"Bobonis, Gustavo","Economic development","Labour economics","Political economy","Economic history","",""
"Bossons, John","","","","","",""
"Boutros, Michael","Financial economics","Macroeconomics","","","",""
"Brandt, Loren","Economic development","Economic history","","Chinese economy","",""
"Burda, Martin","Econometrics","Applied econometrics","","","",""
"Button, Patrick","","","","","",""
"Caballé, Jordi","","","","","",""
"Cameron, David","","","","","",""
"Carens, Joseph","","","","","",""
"Carr, Jack L.","Macroeconomics","Law and economics","Applied econometrics","","",""
"Carroll, Gabriel","Microeconomic theory","","","","",""
"Casas, François","International economics","","","Economics of education","",""
"Cavalcanti, Ricardo","","","","","",""
"Celik, Murat","Macroeconomics","","","","",""
"Chan, Mons","","","","","",""
"Chandra, Ambarish","","","","","",""
"Chang, Danny","","","","","",""
"Chen, Yanyou","Industrial organization","","","","",""
"Ching, Andrew","Industrial organization","Applied econometrics","Health economics","Quantitative Marketing","",""
"Cho, In-Koo","","","","","",""
"Choi, Eunji","","","","","",""
"Choi, Jason","Macroeconomics","Financial economics","","","",""
"Choudhry, Nanda","","","","","",""
"Clark, Robert","Industrial organization","","","","",""
"Cziraki, Peter","Financial economics","","","Corporate Finance","Corporate Governance",""
"Damiano, Ettore","Microeconomic theory","","","","",""
"Daneman, Meredyth","","","","","",""
"Dasgupta, Kunal","International economics","","","","",""
"Deb, Rahul","Microeconomic theory","Industrial organization","","","",""
"Dendorfer, Florian","Industrial organization","","","","",""
"Denislamova, Olga","Macroeconomics","","","","",""
"Dewees, Donald N.","Law and economics","Industrial organization","Environmental economics","","",""
"Dhuey, Elizabeth","","","","","",""
"di Giovanni, Julian","International economics","Macroeconomics","","","",""
"Drummond, Ian","","","","","",""
"Duarte, Margarida","Macroeconomics","International economics","","","",""
"Duggan, Mark","","","","","",""
"Duranton, Gilles","","","","","",""
"Dyrda, Sebastian","Macroeconomics","","","","",""
"Eastman, Harry C.","","","","","",""
"Eid, Jean","","","","","",""
"Eli, Shari","Economic history","Health economics","","","",""
"Erosa, Andres","","","","","",""
"Essaji, Azim","","","","","",""
"Eyoh, Dickson","Applied econometrics","","","","",""
"Faig, Miquel","Macroeconomics","","","Monetary economics","",""
"Fang, Min","Macroeconomics","Financial economics","Urban economics","","",""
"Farhoodi, Abdollah","Industrial organization","Urban economics","","","",""
"Floyd, John E.","International economics","Macroeconomics","","","",""
"Foltin, Peter","Microeconomic theory","","","","",""
"Foot, David K.","Applied econometrics","Macroeconomics","Labour economics","Economic demography","",""
"Freitas, Kripa","Economic development","","","","",""
"Fuss, Melvyn A.","","Econometrics","Industrial organization","Applied econometrics","",""
"Fuster, Luisa","Macroeconomics","Public economics","","Economics of the family","",""
"Gans, Joshua S.","Applied econometrics","Industrial organization","Law and economics","Microeconomic Theory","",""
"Gazzale, Robert","Industrial organization","Behavioral Economics","","Experimental Economics","",""
"Genesove, David","","","","","",""
"Gertler, Meric","","","","","",""
"Gilady, Lilach","","","","","",""
"Gillezeau, Robert","Economic history","Labour economics","","Indigenous economics","",""
"Goldfarb, Avi","","","","","",""
"Goldman, Jim","Financial economics","","","Corporate Finance","",""
"Golestani, Aria","Public economics","Labour economics","","Economics of crime","",""
"Gonzalez-Navarro, Marco","","","","","",""
"Gourieroux, Christian","Econometrics","","","","",""
"Graduate Economics Union","","","","","",""
"Gu, Jiaying","Econometrics","Applied econometrics","","","",""
"Gunderson, Morley K.","Labour economics","","","","",""
"Guvenen, Fatih","Macroeconomics","","","","",""
"Haddow, Rodney","","","","","",""
"Halberstam, Yosh","","","","","",""
"Halevy, Yoram","Behavioral Economics","Experimental Economics","Microeconomic theory","","",""
"Hall, Jonathan","Urban economics","Public economics","","Applied microeconomics","",""
"Hamilton, Gillian C.","Economic history","Labour economics","","","",""
"Heblich, Stephan","Urban economics","Economic history","Environmental economics","","",""
"Helleiner, Gerry K.","Economic development","International economics","","","",""
"Hoelzemann, Johannes","Microeconomic theory","Behavioral Economics","Experimental Economics","","",""
"Hoffman, Mitchell","","","","","",""
"Hollander, Samuel","History of economic thought","","","","",""
"Horstmann, Ignatius","Microeconomic theory","International economics","","","",""
"Horton, Susan","Economic development","Health economics","","","",""
"Hossain, Tanjim","Industrial organization","Microeconomic theory","","Experimental economics","",""
"Howson, Susan","History of economic thought","Economic history","International economics","Macroeconomics","",""
"Hussain, Ajaz","Financial economics","Industrial organization","","","",""
"Iacobucci, Edward","","","","","",""
"Igami, Mitsuru","Industrial organization","","","","",""
"Indart, Gustavo","Economic development","International economics","","","",""
"Jayaraman, Rajshri","Economic development","Labour economics","Applied econometrics","Organizational Economics","",""
"Jin, Yizhou","","","","","",""
"Joanis, Marcelin","","","","","",""
"Kambourov, Gueorgui","Macroeconomics","Labour economics","Public economics","","",""
"Kang, Zi Yang","Microeconomic theory","Industrial organization","","","",""
"Kapoor, Sacha","","","","","",""
"Khazra, Nazanin","Urban economics","","","Household finance","Applied machine learning",""
"Kim, Taeho","","","","","",""
"Koebel, Kourtney","","","","","",""
"Koffi, Marlène","","","","","",""
"Kotowitz, Yehuda","","","","","",""
"Kralj, Boris","Labour economics","Health economics","","","",""
"Kramer, Lisa","Financial economics","","","Behavioral Finance","Experimental Economics",""
"Kroft, Kory","Labour economics","Public economics","Applied econometrics","","",""
"Kruger, Arthur","","","","","",""
"Kuruscu, Burhanettin","Macroeconomics","Labour economics","Public economics","","",""
"Laporte, Audrey","","","","","",""
"Leslie, Deborah","","","","","",""
"Levine, Renan","","","","","",""
"Lewis, Robert","","","","","",""
"Li, Hao","","","","","",""
"Li, Hongbin","","","","","",""
"Li, Hung-Yi","","","","","",""
"Li, Nicholas","Economic development","International economics","","","",""
"Li, Rong","","","","","",""
"Lim, Kevin","International economics","","","","",""
"Lima, Lucas","","","","","",""
"Lines, Jeffrey","","","","","",""
"Liu, Annie","","","","","",""
"Lu, Runjing","Financial economics","Labour economics","","","",""
"Luo, Hong","","","","","",""
"Luo, Yao","Industrial organization","Applied econometrics","","","",""
"Lyng, Ran Sun","Applied econometrics","Financial economics","Labour economics","","",""
"Maheu, John","","","","","",""
"Mahone, Zachary","Macroeconomics","Labour economics","","","",""
"Malinova, Ekaterina","Financial economics","Microeconomic theory","","","",""
"Masson, Paul R.","International economics","Macroeconomics","","","",""
"Mathewson, Frank","Microeconomic theory","Industrial organization","","","",""
"Maynard, Alex","Econometrics","Applied econometrics","","","",""
"McCaig, Brian","","","","","",""
"McCann, Robert","Microeconomic theory","","","Optimal transport","",""
"McCurdy, Tom","Financial economics","","","Financial Econometrics","Risk Management","Financial Decision Strategies"
"McGee, Dan","Behavioral Economics","Microeconomic theory","Political economy","Economic History","",""
"McKeown, Robert","Financial economics","","","","",""
"McMillan, Robert","Public economics","","","Economics of education","",""
"Medina Quispe, Pamela","Applied econometrics","","","","",""
"Melino, Angelo","Econometrics","Macroeconomics","Financial economics","","",""
"Mondria, Jordi","Financial economics","International economics","Macroeconomics","","",""
"Moorthy, Sridhar","","","","","",""
"Morrow, Peter","International economics","","","","",""
"Mourifié, Ismael","Econometrics","Applied econometrics","","","",""
"Murdock, Jennifer","Industrial organization","Environmental economics","","","",""
"Neill, Christine","","","","","",""
"Nevitte, Neil","","","","","",""
"Nunn, Nathan","","","","","",""
"O'Gorman, Melanie","","","","","",""
"Oreopoulos, Philip","Labour economics","Applied econometrics","","Economics of education","",""
"Osborne, Martin J.","Microeconomic theory","Political economy","","","",""
"Ostry, Jonathan D.","","","","","",""
"Owen, Robert","International economics","Industrial organization","","","",""
"Ozkan, Serdar","","","","","",""
"Paul, Tyler","Macroeconomics","","","","",""
"Pauly, Louis W.","","","","","",""
"Pęski, Marcin","Microeconomic theory","","","","",""
"Pitchik, Carolyn","Microeconomic theory","Industrial organization","","","",""
"Price, David","Labour economics","Public economics","Econometrics","","",""
"Putnam, Jonathan","Industrial organization","","","Economics of technology","Intellectual property",""
"Raiha, Davin","","","","","",""
"Ramoutar, Fern","Urban economics","Industrial organization","","Optimal transport","",""
"Rea, Ken J.","Economic development","","","","",""
"Reid, Frank J.","Labour economics","","","","",""
"Rempel, Mark","Macroeconomics","Financial economics","Industrial organization","","",""
"Restuccia, Diego","Macroeconomics","Economic development","","","",""
"Ritto, Joao","Macroeconomics","","","","",""
"Rizk, Nagla","","","","","",""
"Roesler, Anne-Katrin","Microeconomic theory","","","","",""
"Rosell, Carlos","","","","","",""
"Rosenthal, Alan","","","","","",""
"Rossouw, Charl","","","","","",""
"Rotenberg, Wendy","","","","","",""
"Rotstein, Abraham","","","","","",""
"Salardi, Paola","","","","","",""
"Semken, Christoph","Environmental economics","Behavioral Economics","Applied econometrics","","",""
"Serafinelli, Michel","","","","","",""
"Shah, Nisarg","","","","","",""
"Shang, Ce","","","","","",""
"Sharapudinov, Shamil","International economics","Macroeconomics","","Spatial Economics","",""
"Sherman, Sari","","","","","",""
"Shestopalov, Aleks","","","","","",""
"Shi, Shouyong","","","","","",""
"Shi, Xianwen","Microeconomic theory","Industrial organization","","","",""
"Sillamaa, Mary-Anne","","","","","",""
"Siow, Aloysius","Labour economics","","","Economics of the family","",""
"Smart, Michael","Public economics","","","","",""
"Smith, Lawrence B.","Macroeconomics","","","Real estate","Land and housing economics",""
"Souza-Rodrigues, Eduardo","Environmental economics","Industrial organization","Econometrics","","",""
"St. Onge, Peter","","","","","",""
"Stabile, Mark","","","","","",""
"Staub, Kalina","Labour economics","","","","Economics of the Family",""
"Steinberg, Joseph","Macroeconomics","International economics","","","",""
"Stenmetz, Alex","","","","","",""
"Stepner, Michael","Public economics","Health economics","","","",""
"Stewart, Colin","Microeconomic theory","Behavioral Economics","","","",""
"Strange, William","Public economics","Microeconomic theory","Urban economics","","",""
"Sun, Jeffrey","Environmental economics","","","Climate economics","Computational methods",""
"Tabord-Meehan, Max","Econometrics","","","","",""
"Tian, Xu","Financial economics","","","Corporate Finance","Financial Intermediation","Macroeconomics"
"Trebilcock, Michael","Law and economics","","","","",""
"Trefler, Daniel","International economics","Economic development","","Technology and productivity","",""
"Tsoy, Anton","Financial economics","Microeconomic theory","","","",""
"Tuohy, Carolyn","","","","","",""
"Turner, Matthew","Environmental economics","Urban economics","Political economy","","",""
"Ugarte-Bravo, Karen","Health economics","Econometrics","","","",""
"Van Effenterre, Clementine","Labour economics","","","","",""
"Vellekoop, Nathanael","Macroeconomics","Financial economics","","","",""
"Vipond, Robert","","","","","",""
"Vivalt, Eva","Labour economics","","","Development economics","",""
"Wan, Yuanyuan","Econometrics","","","","",""
"Wang, Tianyi","Political economy","Economic history","Health economics","Labor economics","",""
"Ward, Courtney","","","","","",""
"Waverman, Leonard","","","","","",""
"Webb, Ryan","","","","","",""
"Weisbrod, Aaron","","","","","",""
"Williams, Joseph Jay","","","","","",""
"Wilson, Thomas A.","Macroeconomics","Industrial organization","Public economics","","",""
"Wolthoff, Ronald","Macroeconomics","Labour economics","","","",""
"Yang, Liyan","","","","","",""
"Yatchew, Adonis","Econometrics","Applied econometrics","","Energy economics","Regulatory economics",""
"Yu, Kathleen","Labour economics","Health economics","","","",""
"Zammit, Nicholas","","","","","",""
"Zarate, Roman","Economic development","Labour economics","","","",""
"Zezerova, Viktoriia","International economics","","","","",""
"Zhang, Lijun","","","","","",""
"Zhao, Yingnan","Macroeconomics","Financial economics","","Banking","",""
"Zhu, Xiaodong","","","","","",""